
--MÉDICO
SELECT * FROM Physician;

INSERT INTO Physician VALUES(1,'John Dorian','Staff Internist',111111111);
INSERT INTO Physician VALUES(2,'Elliot Reid','Attending Physician',222222222);
INSERT INTO Physician VALUES(3,'Christopher Turk','Surgical Attending Physician',333333333);
INSERT INTO Physician VALUES(4,'Percival Cox','Senior Attending Physician',444444444);
INSERT INTO Physician VALUES(5,'Bob Kelso','Head Chief of Medicine',555555555);
INSERT INTO Physician VALUES(6,'Todd Quinlan','Surgical Attending Physician',666666666);
INSERT INTO Physician VALUES(7,'John Wen','Surgical Attending Physician',777777777);
INSERT INTO Physician VALUES(8,'Keith Dudemeister','MD Resident',888888888);
INSERT INTO Physician VALUES(9,'Molly Clock','Attending Psychiatrist',999999999);

-- DEPARTAMENTO 

SELECT* FROM Department;

INSERT INTO Department VALUES(1,'General Medicine',4);
INSERT INTO Department VALUES(2,'Surgery',7);
INSERT INTO Department VALUES(3,'Psychiatry',9);

--AFILICIÓN

SELECT * FROM Affiliated_With;
Delete from Affiliated_With

INSERT INTO Affiliated_With VALUES(1,1,1);
INSERT INTO Affiliated_With VALUES(2,1,1);
INSERT INTO Affiliated_With VALUES(3,2,1);
INSERT INTO Affiliated_With VALUES(4,1,1);
INSERT INTO Affiliated_With VALUES(5,1,1);
INSERT INTO Affiliated_With VALUES(6,2,1);
INSERT INTO Affiliated_With VALUES(7,2,1);
INSERT INTO Affiliated_With VALUES(8,1,1);
INSERT INTO Affiliated_With VALUES(9,3,1);

-- SALARIO

SELECT * FROM Salary;

INSERT INTO Salary VALUES(1,600,300);
INSERT INTO Salary VALUES(2,1040,520);
INSERT INTO Salary VALUES(3,1300,650);
INSERT INTO Salary VALUES(4,2400,1200);
INSERT INTO Salary VALUES(5,900,450);
INSERT INTO Salary VALUES(6,1300,650);
INSERT INTO Salary VALUES(7,300,150);

-- MEDICAMENTOS

SELECT * FROM Medication;

INSERT INTO Medication VALUES(1,'Amoxicilina','Anvisa','Antibiótico');
INSERT INTO Medication VALUES(2,'Rivotril','Foo Labs','Ansiolítico');
INSERT INTO Medication VALUES(3,'Alpram','Bar Laboratories','Ansiolítico');
INSERT INTO Medication VALUES(4,'Ciprofloxacina','Baz Industries','Antibiótico');
INSERT INTO Medication VALUES(5,'Dipirona','Snafu Pharmaceuticals','Anti-inflamatório');
INSERT INTO Medication VALUES(6,'Aripiprazol','Abilify®','Anti-psicótico');
INSERT INTO Medication VALUES(7,'Risperidona ','Zyprexa®','Anti-psicótico');
INSERT INTO Medication VALUES(8,'Quetiapina','Seroquel®','Anti-psicótico');
INSERT INTO Medication VALUES(9,'Olanzapina','Zyprexa®','Anti-psicótico');
INSERT INTO Medication VALUES(10,'Ziprasidona','Geodon®','Anti-psicótico');
INSERT INTO Medication VALUES(11,'Escitalopram','Abilify®','Antidepressivo');
INSERT INTO Medication VALUES(12,'Mirtazapina','Zyprexa®','Antidepressivo');
INSERT INTO Medication VALUES(13,'Citalopram','Seroquel®','Antidepressivo');
INSERT INTO Medication VALUES(14,'Hidroclorotiazida','Zyprexa®','Anti-hipertensivo');
INSERT INTO Medication VALUES(15,'Losartana','Geodon®','Anti-hipertensivo');
INSERT INTO Medication VALUES(16,'Captopril','Zyprexa®','Anti-hipertensivo');
INSERT INTO Medication VALUES(17,'Morfina','Geodon®','Analgésico');
INSERT INTO Medication VALUES(18,'Lidocaina','Geodon®','Anestésico');
INSERT INTO Medication VALUES(19,'Ibuprofeno','Abilify®','Anti-inflamatório');
INSERT INTO Medication VALUES(20,'Metformina','Abilify®','Antidiabético');
INSERT INTO Medication VALUES(21,'Glibenclamida','Abilify®','Antidiabético');
INSERT INTO Medication VALUES(22,'Glicazida','Abilify®','Antidiabético');
INSERT INTO Medication VALUES(23,'Oxicodona','Roxicodona','Analgésico');
INSERT INTO Medication VALUES(24,'Naproxeno','Zyprexa®','Anti-inflamatório');
INSERT INTO Medication VALUES(25,'Fentanil','Duragesic','Narcótico');
INSERT INTO Medication VALUES(26,'Tramadol','Ultram','Narcótico');
INSERT INTO Medication VALUES(27,'Diclofenaco','Abilify®','Anti-inflamatório');
INSERT INTO Medication VALUES(28,'Paracetamol','Zyprexa®','Analgésico');
INSERT INTO Medication VALUES(29,'Aspirina','Bayer','Analgésico');
INSERT INTO Medication VALUES(30,'​Jardiance','Empagliflozina','Antidiabético');
INSERT INTO Medication VALUES(31,'Glicose 75%','Abilify®','Antidiabético');
INSERT INTO Medication VALUES(32,'​NovoRapid FlexPen','Abilify®','Antidiabético');
INSERT INTO Medication VALUES(33,'Insulina Lantus Solostar','Abilify®','Antidiabético');
INSERT INTO Medication VALUES(34,'Forxiga 10mg','Roxicodona','Antidiabético');
INSERT INTO Medication VALUES(35,'Novolin R ou Humulin R','Zyprexa®','Antidiabético');
INSERT INTO Medication VALUES(36,'Teicoplanina','Abilify®','Antibiótico');
INSERT INTO Medication VALUES(37,'Arifenicol','Ultram','Antibiótico');
INSERT INTO Medication VALUES(38,'Ciprofloxacina','Abilify®','Antibiótico');
INSERT INTO Medication VALUES(39,'Azitromicina','Zyprexa®','Antibiótico');
INSERT INTO Medication VALUES(40,'Cefaclor','Cefalosporina','Antibiótico');
INSERT INTO Medication VALUES(41,'​Flufenazina','Prolixin','Anti-psicótico');
INSERT INTO Medication VALUES(42,'Paliperidona','Abilify®','Anti-psicótico');
INSERT INTO Medication VALUES(43,'Haloperidol​','Haldol®','Anti-psicótico');
INSERT INTO Medication VALUES(44,'Verapamil','Abilify®','Anti-hipertensivo');
INSERT INTO Medication VALUES(45,'Enalapril','Roxicodona','Anti-hipertensivo');
INSERT INTO Medication VALUES(46,'Atenol','Zyprexa®','Anti-hipertensivo');
INSERT INTO Medication VALUES(47,'Amlodipina','Abilify®','Anti-hipertensivo');
INSERT INTO Medication VALUES(48,'Diazepam','Ultram','Ansiolítico');
INSERT INTO Medication VALUES(49,'Baclofeno','Abilify®','Antiespástico');
INSERT INTO Medication VALUES(50,'Metaxalona ','Zyprexa®','Ansiolítico');


-- PACIENTES

SELECT* FROM Patient;

INSERT INTO Patient VALUES(100000001,'John Smith','42 Foobar Lane','555-0256',68476213,1);
INSERT INTO Patient VALUES(100000002,'Grace Ritchie','37 Snafu Drive','555-0512',36546321,2);
INSERT INTO Patient VALUES(100000003,'Random J. Patient','101 Omgbbq Street','555-1204',65465421,2);
INSERT INTO Patient VALUES(100000004,'Dennis Doe','1100 Foobaz Avenue','555-2048',68421879,3);
INSERT INTO Patient VALUES(100000005,'Alejandro Rivas','223 São Francisco','555-3040',65401885,9);
INSERT INTO Patient VALUES(100000006,'Alexandra Martin','45 Moreira Cesar','555-2860',78426830,9);
INSERT INTO Patient VALUES(100000007,'Michelle Duran','022 Santa Rosa','555-6002',88426830,9);
INSERT INTO Patient VALUES(100000008,'Jose Duque','018 Santa Rosa','555-7860',80126830,1);
INSERT INTO Patient VALUES(100000009,'Vitoria Guerra','105 General João ','555-9860',80256838,7);
INSERT INTO Patient VALUES(100000010,'Luis Garcia','55 São Jose','555-6960',60856930,3);
INSERT INTO Patient VALUES(100000011,'Luisa Ramos','12 Miguel de frias','555-5555',22656930,3);
INSERT INTO Patient VALUES(100000012,'Juan Pacheco','70 Rio Branco','555-3050',70552530,7);
INSERT INTO Patient VALUES(100000013,'Miguel Alvarez','91 São Martin','555-1750',81152557,1);
INSERT INTO Patient VALUES(100000014,'Antonio Freitas','165 Caminho verde','555-3030',91147857,1);
INSERT INTO Patient VALUES(100000015,'Amelia Branco','011 Tupiniquins','555-3340',35647857,1);
INSERT INTO Patient VALUES(100000016,'Silvia Coronel','85 Trumand','555-2047',45647887,3);
INSERT INTO Patient VALUES(100000017,'Laura Marin','85 Trumand','555-7547',45647887,3);
INSERT INTO Patient VALUES(100000018,'Camila Garcia','90 Trumand','555-7547',45647887,1);
INSERT INTO Patient VALUES(100000019,'Auria Mata','85 Trumand','555-8547',45647887,9);
INSERT INTO Patient VALUES(100000020,'Roxana Coronel','86 Trumand','554-8547',45647887,7);
INSERT INTO Patient VALUES(100000021,'Fabio Marau','85 Trumand','35171-858',45647435,9);
INSERT INTO Patient VALUES(100000022,'Silvia Eslia','85 Trumand','31720-540',45647123,1);
INSERT INTO Patient VALUES(100000023,'Souza Ceycu','85 Trumand','65032-100',45647654,3);
INSERT INTO Patient VALUES(100000024,'Souza Doday','85 Trumand','69921-854',45647853,7);
INSERT INTO Patient VALUES(100000025,'Aguiar Dega','85 Trumand','66095-405',45631435,7);
INSERT INTO Patient VALUES(100000026,'Martins Nowya','85 Trumand','77015-500',45641234,9);
INSERT INTO Patient VALUES(100000027,'Seguera Fauvo','85 Trumand','74970-715',45647643,9);
INSERT INTO Patient VALUES(100000028,'Marquez Marcos','85 Trumand','78557-673',45647643,9);
INSERT INTO Patient VALUES(100000029,'Cesar Julho','85 Trumand','72669-425',45641325,9);
INSERT INTO Patient VALUES(100000030,'Siqueira Ana','85 Trumand','72210-307',45647354,1);
INSERT INTO Patient VALUES(100000031,'Lima Patricia','85 Trumand','71572-507',45648542,1);
INSERT INTO Patient VALUES(100000032,'Lima Priscila','85 Trumand','47800-356',45641379,3);
INSERT INTO Patient VALUES(100000033,'Santos Maria','85 Trumand','68908-118',45641286,7);
INSERT INTO Patient VALUES(100000034,'Santos Monica','85 Trumand','64050-225',45645362,7);
INSERT INTO Patient VALUES(100000035,'Campos Vera','85 Trumand','91720-380',45698324,7);
INSERT INTO Patient VALUES(100000036,'Leonardo Boff','223 São Francisco','555-3040',65401885,6);
INSERT INTO Patient VALUES(100000037,'Monsenhor Camurça','45 Moreira Cesar','555-2860',78426830,6);
INSERT INTO Patient VALUES(100000038,'Marina Bandeira','022 Santa Rosa','555-6002',88426830,6);
INSERT INTO Patient VALUES(100000039,'Mauro Morelli','018 Santa Rosa','555-7860',80126830,7);
INSERT INTO Patient VALUES(100000040,'Luis Souza','105 General João ','555-9860',80256838,7);
INSERT INTO Patient VALUES(100000041,'Alberto Gomes','55 São Jose','555-6960',60856930,3);
INSERT INTO Patient VALUES(100000042,'Alberto de Souza','12 Miguel de frias','555-5555',22656930,3);
INSERT INTO Patient VALUES(100000043,'Juan Pacheco','70 Rio Branco','555-3050',70552530,7);
INSERT INTO Patient VALUES(100000044,'Miguel Alvarez','91 São Martin','555-1750',81152557,1);
INSERT INTO Patient VALUES(100000045,'Antonio Freitas','165 Caminho verde','555-3030',91147857,1);
INSERT INTO Patient VALUES(100000046,'Amelia Branco','011 Tupiniquins','555-3340',35647857,1);
INSERT INTO Patient VALUES(100000047,'Joseph Comblin','85 Trumand','555-2047',45647887,3);
INSERT INTO Patient VALUES(100000048,'Oscar Beozzo','85 Trumand','555-7547',45647887,3);
INSERT INTO Patient VALUES(100000049,'Pedro Casaldáliga','85 Trumand','555-8547',45647887,6);
INSERT INTO Patient VALUES(100000050,'Roxana Coronel','86 Trumand','554-8547',45647887,7);
INSERT INTO Patient VALUES(100000051,'Fabio Marau','85 Trumand','35171-858',45647435,9);
INSERT INTO Patient VALUES(100000052,'Raimundo Caramuru','86 Trumand','31720-540',45647123,1);
INSERT INTO Patient VALUES(100000053,'Marcelo Carvalheira','85 Trumand','65032-100',45647654,3);
INSERT INTO Patient VALUES(100000054,'Lúcia Moreira','86 Trumand','69921-854',45647853,7);
INSERT INTO Patient VALUES(100000055,'Maria Pires','85 Trumand','66095-405',45631435,7);
INSERT INTO Patient VALUES(100000056,'José Pires','90 Trumand','77015-500',45641234,6);
INSERT INTO Patient VALUES(100000057,'José de Broucker','85 Trumand','74970-715',45647643,9);
INSERT INTO Patient VALUES(100000058,'José Pinheiro','85 Trumand','78557-673',45647643,9);
INSERT INTO Patient VALUES(100000059,'Ernani Pinheiro','85 Trumand','72669-425',45641325,9);
INSERT INTO Patient VALUES(100000060,'Aglaia Peixoto','85 Trumand','72210-307',45647354,1);
INSERT INTO Patient VALUES(100000061,'Nelson Piletti','85 Trumand','71572-507',45648542,1);
INSERT INTO Patient VALUES(100000062,'Reginaldo Veloso','85 Trumand','47800-356',45641379,2);
INSERT INTO Patient VALUES(100000063,'Gervásio Queiroga','85 Trumand','68908-118',45641286,7);
INSERT INTO Patient VALUES(100000064,'Erika Bauer','85 Trumand','64050-225',45645362,7);
INSERT INTO Patient VALUES(100000065,'Cássio Pereira','85 Trumand','91720-380',45698324,7);
INSERT INTO Patient VALUES(100000066,'Andréa Glória','223 São Francisco','555-3040',65401885,9);
INSERT INTO Patient VALUES(100000067,'Kátia Oliva','45 Moreira Cesar','555-2860',78426830,6);
INSERT INTO Patient VALUES(100000068,'Marcos Rocha','022 Santa Rosa','555-6002',88426830,6);
INSERT INTO Patient VALUES(100000069,'Elesandra Cristina','018 Santa Rosa','555-7860',80126830,3);
INSERT INTO Patient VALUES(100000070,'Maria Cristina','105 General João ','555-9860',80256838,7);
INSERT INTO Patient VALUES(100000071,'Luciane Garcia','55 São Jose','555-6960',60856930,3);
INSERT INTO Patient VALUES(100000072,'Luciane Horna','12 Miguel de frias','555-5555',22656930,3);
INSERT INTO Patient VALUES(100000073,'Juan Horna','70 Rio Branco','555-3050',70552530,7);
INSERT INTO Patient VALUES(100000074,'Suzane Soares','91 São Martin','555-1750',81152557,6);
INSERT INTO Patient VALUES(100000075,'Filipe Lima','165 Caminho verde','555-3030',91147857,7);
INSERT INTO Patient VALUES(100000076,'Roseli Oliveira','011 Tupiniquins','555-3340',35647857,1);
INSERT INTO Patient VALUES(100000077,'Rocio de Oliveira','011 Tupiniquins','555-3340',35647857,1);
INSERT INTO Patient VALUES(100000078,'Suzana Oliveira','85 Trumand','555-2047',45647887,2);
INSERT INTO Patient VALUES(100000079,'Beth Muhana','85 Trumand','555-7547',45647887,5);
INSERT INTO Patient VALUES(100000080,'Coca Potter','85 Trumand','555-8547',45647887,9);
INSERT INTO Patient VALUES(100000081,'Delma Sandri','86 Trumand','554-8547',45647887,9);
INSERT INTO Patient VALUES(100000082,'George Queiroz','85 Trumand','35171-858',45647435,6);
INSERT INTO Patient VALUES(100000083,'Ricardo Geromel','89 Trumand','31720-540',45647123,6);
INSERT INTO Patient VALUES(100000084,'Rosa Andréa','45 Trumand','65032-100',45647654,3);
INSERT INTO Patient VALUES(100000085,'Souza Rosa','85 Trumand','69921-854',45647853,7);
INSERT INTO Patient VALUES(100000086,'Aguiar Andréa','45 Trumand','66095-405',45631435,7);
INSERT INTO Patient VALUES(100000087,'Maristela de Araujo','85 Trumand','77015-500',45641234,3);
INSERT INTO Patient VALUES(100000088,'Seguera Maristela','85 Trumand','74970-715',45647643,9);
INSERT INTO Patient VALUES(100000089,'Marcos de Araujo','85 Trumand','78557-673',45647643,9);
INSERT INTO Patient VALUES(100000090,'Paula Carvalho','85 Trumand','72669-425',45641325,9);
INSERT INTO Patient VALUES(100000091,'Daiane Cortês','85 Trumand','72210-307',45647354,6);
INSERT INTO Patient VALUES(100000092,'Lima Daiane','85 Trumand','71572-507',45648542,6);
INSERT INTO Patient VALUES(100000093,'Priscila Cortês','85 Trumand','47800-356',45641379,3);
INSERT INTO Patient VALUES(100000094,'Kamala Ramers','85 Trumand','68908-118',45641286,7);
INSERT INTO Patient VALUES(100000095,'Santos Kamala','85 Trumand','64050-225',45645362,7);
INSERT INTO Patient VALUES(100000096,'Juliana Carapeba','85 Trumand','91720-380',45698324,7);
INSERT INTO Patient VALUES(100000097,'Alejandro Carapeba','223 São Francisco','555-3040',65401885,9);
INSERT INTO Patient VALUES(100000098,'Juliana Martins','45 Moreira Cesar','555-2860',78426830,9);
INSERT INTO Patient VALUES(100000099,'André Carvalheira','022 Santa Rosa','555-6002',88426830,9);
INSERT INTO Patient VALUES(100000100,'Jose Carvalheira','018 Santa Rosa','555-7860',80126830,6);
INSERT INTO Patient VALUES(100000101,'Vitoria Carvalheira','105 General João ','555-9860',80256838,7);
INSERT INTO Patient VALUES(100000102,'Roberto Robalinho','55 São Jose','555-6960',60856930,3);
INSERT INTO Patient VALUES(100000103,'Luisa Pimentel','12 Miguel de frias','555-5555',22656930,3);
INSERT INTO Patient VALUES(100000104,'Joe Pimentel','70 Rio Branco','555-3050',70552530,7);
INSERT INTO Patient VALUES(100000105,'Naji Sidki','91 São Martin','555-1750',81152557,6);
INSERT INTO Patient VALUES(100000106,'Pedro Sidki','165 Caminho verde','555-3030',91147857,6);
INSERT INTO Patient VALUES(100000107,'Rodrigo Lobo','011 Tupiniquins','555-3340',35647857,6);
INSERT INTO Patient VALUES(100000108,'Gustavo Tijolinho','85 Trumand','555-2047',45647887,3);
INSERT INTO Patient VALUES(100000109,'Laura Tijolinho','75 Trumand','555-7547',45647887,3);
INSERT INTO Patient VALUES(100000110,'Gustavo Mata','90 Trumand','555-8547',45647887,7);
INSERT INTO Patient VALUES(100000111,'Orlandino Oliveira','86 Trumand','554-8547',45647887,1);
INSERT INTO Patient VALUES(100000112,'Fabio Oliveira','85 Trumand','35171-858',45647435,8);
INSERT INTO Patient VALUES(100000113,'Francisco de Assis','85 Trumand','31720-540',45647123,6);
INSERT INTO Patient VALUES(100000114,'Souza Francisco','85 Trumand','65032-100',45647654,3);
INSERT INTO Patient VALUES(100000115,'Souza Hector','85 Trumand','69921-854',45647853,7);
INSERT INTO Patient VALUES(100000116,'Hector Fernando','85 Trumand','66095-405',45631435,5);
INSERT INTO Patient VALUES(100000117,'Acácio Campos','85 Trumand','77015-500',45641234,3);
INSERT INTO Patient VALUES(100000118,'Aurélio Aragão','85 Trumand','74970-715',45647643,6);
INSERT INTO Patient VALUES(100000119,'Chico Bororo','85 Trumand','78557-673',45647643,7);
INSERT INTO Patient VALUES(100000120,'Fernando Cavalcante','85 Trumand','72669-425',45641325,9);
INSERT INTO Patient VALUES(100000121,'Ana Cavalcante','85 Trumand','72210-307',45647354,1);
INSERT INTO Patient VALUES(100000122,'Lima Fernando','85 Trumand','71572-507',45648542,1);
INSERT INTO Patient VALUES(100000123,'Sérgio Raposo','85 Trumand','47800-356',45641379,9);
INSERT INTO Patient VALUES(100000124,'Liloye Boubli','85 Trumand','68908-118',45641286,7);
INSERT INTO Patient VALUES(100000125,'Thiago Martins','85 Trumand','64050-225',45645362,7);
INSERT INTO Patient VALUES(100000126,'Márcia Roth','85 Trumand','91720-380',45698324,2);
INSERT INTO Patient VALUES(100000127,'Tânia Anayas','223 São Francisco','555-3040',65401885,9);
INSERT INTO Patient VALUES(100000128,'Tânia Martins','45 Moreira Cesar','555-2860',78426830,9);
INSERT INTO Patient VALUES(100000129,'Pedro Domingues','022 Santa Rosa','555-6002',88426830,6);
INSERT INTO Patient VALUES(100000130,'Jose Domingues','018 Santa Rosa','555-7860',80126830,3);
INSERT INTO Patient VALUES(100000131,'Pedro Guerra','105 General João ','555-9860',80256838,7);
INSERT INTO Patient VALUES(100000132,'Murilo Grossi','55 São Jose','555-6960',60856930,3);
INSERT INTO Patient VALUES(100000133,'Gustavo Barroso','12 Miguel de frias','555-5555',22656930,3);
INSERT INTO Patient VALUES(100000134,'Juan Barroso','70 Rio Branco','555-3050',70552530,7);
INSERT INTO Patient VALUES(100000135,'Gilberto Menezes','91 São Martin','555-1750',81152557,6);
INSERT INTO Patient VALUES(100000136,'Gilbert Freitas','165 Caminho verde','555-3030',91147857,6);
INSERT INTO Patient VALUES(100000137,'João Roberval','011 Tupiniquins','555-3340',35647857,6);
INSERT INTO Patient VALUES(100000138,'Manuel da Cáritas','85 Trumand','555-2047',45647887,3);
INSERT INTO Patient VALUES(100000139,'Márcio Marin','85 Trumand','555-7547',45647887,3);
INSERT INTO Patient VALUES(100000140,'Mauro Spíndola','85 Trumand','555-8547',45647887,6);
INSERT INTO Patient VALUES(100000141,'César Spíndola','86 Trumand','554-8547',45647887,7);
INSERT INTO Patient VALUES(100000142,'Ricardo Marau','90 Trumand','35171-858',45647435,7);
INSERT INTO Patient VALUES(100000143,'Marcelo Díaz','75 Trumand','31720-540',45647123,3);
INSERT INTO Patient VALUES(100000144,'Marcelo Seabra','85 Trumand','65032-100',45647654,1);
INSERT INTO Patient VALUES(100000145,'Nara Baptisti','85 Trumand','69921-854',45647853,2);
INSERT INTO Patient VALUES(100000146,'Nilva Queiroz','85 Trumand','66095-405',45631435,2);
INSERT INTO Patient VALUES(100000147,'Ricardo Sales','85 Trumand','77015-500',45641234,9);
INSERT INTO Patient VALUES(100000148,'Romualdo Lopes','85 Trumand','74970-715',45647643,9);
INSERT INTO Patient VALUES(100000149,'Selimar de Souza','85 Trumand','78557-673',45647643,7);
INSERT INTO Patient VALUES(100000150,'Sílvia Bráulio','85 Trumand','72669-425',45641325,6);7

--ENFERMERAS

SELECT * FROM Nurse;

INSERT INTO Nurse VALUES(101,'Carla Espinosa','Head Nurse',1,111111110);
INSERT INTO Nurse VALUES(102,'Laverne Roberts','Nurse',1,222222220);
INSERT INTO Nurse VALUES(103,'Paul Flowers','Nurse',0,333333330);
INSERT INTO Nurse VALUES(104,'Maria Aparecida Nunes','Nurse',0,444444440);
INSERT INTO Nurse VALUES(105,'Gisleidy Carvalho','Head Nurse',1,555555550);
INSERT INTO Nurse VALUES(106,'Sergio Batista','Head Nurse',1,666666660);
INSERT INTO Nurse VALUES(107,'Alessandra Vaz','Nurse',0,777777770);

-- PROCEDIMIENTOS 

SELECT * FROM Procedures;

INSERT INTO Procedures VALUES(1,'Apendicectomia',3000);
INSERT INTO Procedures VALUES(2,'Colostomia',5200);
INSERT INTO Procedures VALUES(3,'Blefaroplastia',6500);
INSERT INTO Procedures VALUES(4,'Rinoplastia reversa',12000);
INSERT INTO Procedures VALUES(5,'Gastrotomia',4500);
INSERT INTO Procedures VALUES(6,'Pancreatectomia',6500);
INSERT INTO Procedures VALUES(7,'Biopsia cirurgica',1500);

--BLOCO

 SELECT * FROM Block;

INSERT INTO Block VALUES(1,1);
INSERT INTO Block VALUES(1,2);
INSERT INTO Block VALUES(1,3);
INSERT INTO Block VALUES(2,1);
INSERT INTO Block VALUES(2,2);
INSERT INTO Block VALUES(2,3);
INSERT INTO Block VALUES(3,1);
INSERT INTO Block VALUES(3,2);
INSERT INTO Block VALUES(3,3);
INSERT INTO Block VALUES(4,1);
INSERT INTO Block VALUES(4,2);
INSERT INTO Block VALUES(4,3);

-- ROOM
SELECT * FROM Room;


INSERT INTO Room VALUES(101,'Single',1,1,0);
INSERT INTO Room VALUES(102,'Single',1,1,0);
INSERT INTO Room VALUES(103,'Single',1,1,0);
INSERT INTO Room VALUES(111,'Single',1,2,0);
INSERT INTO Room VALUES(112,'Single',1,2,1);
INSERT INTO Room VALUES(113,'Single',1,2,0);
INSERT INTO Room VALUES(121,'Single',1,3,0);
INSERT INTO Room VALUES(122,'Single',1,3,0);
INSERT INTO Room VALUES(123,'Single',1,3,0);
INSERT INTO Room VALUES(201,'Single',2,1,1);
INSERT INTO Room VALUES(202,'Single',2,1,0);
INSERT INTO Room VALUES(203,'Single',2,1,0);
INSERT INTO Room VALUES(211,'Single',2,2,0);
INSERT INTO Room VALUES(212,'Single',2,2,0);
INSERT INTO Room VALUES(213,'Single',2,2,1);
INSERT INTO Room VALUES(221,'Single',2,3,0);
INSERT INTO Room VALUES(222,'Single',2,3,0);
INSERT INTO Room VALUES(223,'Single',2,3,0);
INSERT INTO Room VALUES(301,'Single',3,1,0);
INSERT INTO Room VALUES(302,'Single',3,1,1);
INSERT INTO Room VALUES(303,'Single',3,1,0);
INSERT INTO Room VALUES(311,'Single',3,2,0);
INSERT INTO Room VALUES(312,'Single',3,2,0);
INSERT INTO Room VALUES(313,'Single',3,2,0);
INSERT INTO Room VALUES(321,'Single',3,3,1);
INSERT INTO Room VALUES(322,'Single',3,3,0);
INSERT INTO Room VALUES(323,'Single',3,3,0);
INSERT INTO Room VALUES(401,'Single',4,1,0);
INSERT INTO Room VALUES(402,'Single',4,1,1);
INSERT INTO Room VALUES(403,'Single',4,1,0);
INSERT INTO Room VALUES(411,'Single',4,2,0);
INSERT INTO Room VALUES(412,'Single',4,2,0);
INSERT INTO Room VALUES(413,'Single',4,2,0);
INSERT INTO Room VALUES(421,'Single',4,3,1);
INSERT INTO Room VALUES(422,'Single',4,3,0);
INSERT INTO Room VALUES(423,'Single',4,3,0);

-- ON_CALL

SELECT * FROM On_Call;

DELETE FROM On_Call;

SET DATEFORMAT ymd;
INSERT INTO On_Call VALUES(101,1,1,'2008-11-04 11:00','2008-11-04 19:00');
INSERT INTO On_Call VALUES(101,1,2,'2008-11-04 11:00','2008-11-04 19:00');
INSERT INTO On_Call VALUES(102,1,3,'2008-11-04 11:00','2008-11-04 19:00');
INSERT INTO On_Call VALUES(103,1,1,'2008-11-04 19:00','2008-11-05 03:00');
INSERT INTO On_Call VALUES(103,1,2,'2008-11-04 19:00','2008-11-05 03:00');
INSERT INTO On_Call VALUES(103,1,3,'2008-11-04 19:00','2008-11-05 03:00');

-- CONSULTAS ----

SELECT * from Appointment 
 order by Starto;

SET DATEFORMAT ymd;
INSERT INTO Appointment VALUES(13216584,100000001,101,1,'2008-04-24 10:00','2008-04-24 11:00','A');
INSERT INTO Appointment VALUES(26548913,100000002,101,2,'2008-04-24 10:00','2008-04-24 11:00','B');
INSERT INTO Appointment VALUES(36549879,100000001,102,1,'2008-04-25 10:00','2008-04-25 11:00','A');
INSERT INTO Appointment VALUES(46846589,100000004,103,4,'2008-04-25 10:00','2008-04-25 11:00','B');
INSERT INTO Appointment VALUES(59871321,100000004,NULL,4,'2008-04-26 10:00','2008-04-26 11:00','A');
INSERT INTO Appointment VALUES(69879231,100000005,101,6,'2008-04-26 11:00','2008-04-26 12:00','B');
INSERT INTO Appointment VALUES(76983231,100000001,NULL,2,'2008-04-26 12:00','2008-04-26 13:00','A');
INSERT INTO Appointment VALUES(86213939,100000004,102,9,'2008-04-27 10:00','2008-04-27 11:00','A');
INSERT INTO Appointment VALUES(93216548,100000002,101,7,'2008-04-27 10:00','2008-04-27 11:00','C');
INSERT INTO Appointment VALUES(55216594,100000005,102,9,'2008-04-11 9:00','2008-04-11 10:00','A');
INSERT INTO Appointment VALUES(27548913,100000010,102,2,'2008-04-15 10:00','2008-04-15 11:00','B');
INSERT INTO Appointment VALUES(44549859,100000017,101,3,'2008-04-15 09:00','2008-04-15 10:00','A');
INSERT INTO Appointment VALUES(39006589,100000030,103,4,'2008-04-15 12:00','2008-04-15 13:00','B');
INSERT INTO Appointment VALUES(77991321,100000014,NULL,1,'2008-04-15 14:00','2008-04-15 15:00','C');
INSERT INTO Appointment VALUES(88889211,100000003,103,2,'2008-04-26 11:00','2008-04-26 12:00','C');
INSERT INTO Appointment VALUES(25253241,100000023,NULL,3,'2008-04-26 12:00','2008-04-26 13:00','C');
INSERT INTO Appointment VALUES(21213959,100000006,103,9,'2008-04-21 14:00','2008-04-21 15:00','A');
INSERT INTO Appointment VALUES(63526578,100000031,101,2,'2008-04-27 10:00','2008-04-27 11:00','B');
INSERT INTO Appointment VALUES(69549859,100000027,NULL,9,'2008-04-18 09:00','2008-04-18 10:00','A');
INSERT INTO Appointment VALUES(39006521,100000026,102,9,'2008-04-19 12:00','2008-04-19 13:00','B');
INSERT INTO Appointment VALUES(77285632,100000015,102,1,'2008-04-19 14:00','2008-04-19 15:00','C');
INSERT INTO Appointment VALUES(77779211,100000034,103,2,'2008-04-05 09:00','2008-04-05 10:00','C');
INSERT INTO Appointment VALUES(00003241,100000013,NULL,3,'2008-04-05 12:00','2008-04-05 13:00','C');
INSERT INTO Appointment VALUES(36363959,100000006,103,9,'2008-04-01 16:00','2008-04-01 17:00','A');
INSERT INTO Appointment VALUES(68569278,100000031,101,1,'2008-04-01 10:00','2008-04-01 11:00','B');
INSERT INTO Appointment VALUES(71285432,100000004,102,4,'2008-04-01 14:00','2008-04-01 15:00','C');
INSERT INTO Appointment VALUES(72773211,100000009,103,2,'2008-04-01 09:00','2008-04-01 10:00','C');
INSERT INTO Appointment VALUES(02003241,100000010,102,3,'2008-04-01 12:00','2008-04-01 13:00','C');
INSERT INTO Appointment VALUES(36388959,100000011,101,7,'2008-04-02 16:00','2008-04-02 17:00','A');
INSERT INTO Appointment VALUES(68969278,100000016,101,1,'2008-04-02 10:00','2008-04-02 11:00','B');
INSERT INTO Appointment VALUES(73285532,100000017,102,3,'2008-04-02 14:00','2008-04-02 15:00','C');
INSERT INTO Appointment VALUES(74773611,100000020,103,2,'2008-04-03 09:00','2008-04-03 10:00','C');
INSERT INTO Appointment VALUES(32003241,100000023,102,3,'2008-04-03 12:00','2008-04-03 13:00','C');
INSERT INTO Appointment VALUES(38388999,100000024,103,2,'2008-04-03 16:00','2008-04-03 17:00','A');
INSERT INTO Appointment VALUES(58969288,100000025,101,1,'2008-04-04 10:00','2008-04-04 11:00','B');
INSERT INTO Appointment VALUES(14773611,100000032,103,2,'2008-04-04 09:00','2008-04-04 10:00','C');
INSERT INTO Appointment VALUES(62003241,100000033,102,3,'2008-04-04 12:00','2008-04-04 13:00','C');
INSERT INTO Appointment VALUES(98388999,100000034,103,2,'2008-04-05 16:00','2008-04-05 17:00','A');
INSERT INTO Appointment VALUES(68969288,100000036,101,1,'2008-04-05 10:00','2008-04-05 11:00','B');
INSERT INTO Appointment VALUES(00069288,100000038,101,4,'2008-04-05 10:00','2008-04-05 11:00','C');
INSERT INTO Appointment VALUES(10073611,100000039,103,2,'2008-04-06 09:00','2008-04-06 10:00','C');
INSERT INTO Appointment VALUES(61003241,100000040,102,3,'2008-04-06 12:00','2008-04-06 13:00','C');
INSERT INTO Appointment VALUES(40446584,100000009,101,1,'2008-05-02 10:00','2008-05-02 11:00','A');
INSERT INTO Appointment VALUES(90968913,100000008,101,2,'2008-05-02 12:00','2008-05-02 13:00','B');
INSERT INTO Appointment VALUES(30556894,100000013,102,1,'2008-05-02 15:00','2008-05-02 16:00','A');
INSERT INTO Appointment VALUES(46009895,100000014,103,4,'2008-05-07 10:00','2008-05-07 11:00','B');
INSERT INTO Appointment VALUES(59002020,100000028,NULL,9,'2008-05-03 10:00','2008-05-03 11:00','C');
INSERT INTO Appointment VALUES(69006363,100000033,103,2,'2008-05-11 11:00','2008-05-11 12:00','C');
INSERT INTO Appointment VALUES(76900854,100000035,NULL,3,'2008-05-13 12:00','2008-05-13 13:00','C');
INSERT INTO Appointment VALUES(02526985,100000019,102,9,'2008-05-13 10:00','2008-05-13 11:00','A');
INSERT INTO Appointment VALUES(93662589,100000015,101,1,'2008-05-27 10:00','2008-05-27 11:00','B');
INSERT INTO Appointment VALUES(39145678,100000005,102,9,'2008-05-11 9:00','2008-05-11 10:00','A');
INSERT INTO Appointment VALUES(00345678,100000005,101,3,'2008-05-03 9:00','2008-05-11 10:00','A');
INSERT INTO Appointment VALUES(00344578,100000010,102,1,'2008-05-16 10:00','2008-05-16 11:00','B');
INSERT INTO Appointment VALUES(87654321,100000010,102,3,'2008-05-01 10:00','2008-05-01 11:00','B');
INSERT INTO Appointment VALUES(23568945,100000033,101,3,'2008-05-15 09:00','2008-05-15 10:00','A');
INSERT INTO Appointment VALUES(58965214,100000030,103,4,'2008-05-15 12:00','2008-05-15 13:00','B');
INSERT INTO Appointment VALUES(89632548,100000029,NULL,9,'2008-05-16 14:00','2008-05-16 15:00','C');
INSERT INTO Appointment VALUES(25986325,100000003,103,2,'2008-05-30 11:00','2008-05-30 12:00','C');
INSERT INTO Appointment VALUES(78952014,100000030,NULL,3,'2008-05-30 12:00','2008-05-30 13:00','C');
INSERT INTO Appointment VALUES(78569854,100000006,103,9,'2008-05-21 14:00','2008-05-21 15:00','A');
INSERT INTO Appointment VALUES(45789621,100000031,101,2,'2008-05-27 10:00','2008-05-27 11:00','B');
INSERT INTO Appointment VALUES(15459865,100000034,NULL,9,'2008-05-18 09:00','2008-05-18 10:00','A');
INSERT INTO Appointment VALUES(45789548,100000026,102,9,'2008-05-19 12:00','2008-05-19 13:00','B');
INSERT INTO Appointment VALUES(88888888,100000015,102,1,'2008-05-19 14:00','2008-05-19 15:00','C');
INSERT INTO Appointment VALUES(12121212,100000034,103,2,'2008-05-05 09:00','2008-05-05 10:00','C');
INSERT INTO Appointment VALUES(00005689,100000013,NULL,3,'2008-05-05 12:00','2008-05-05 13:00','C');
INSERT INTO Appointment VALUES(36589865,100000011,103,1,'2008-05-05 16:00','2008-05-05 17:00','A');
INSERT INTO Appointment VALUES(68269874,100000031,101,9,'2008-05-01 10:00','2008-05-01 11:00','B');
INSERT INTO Appointment VALUES(11118676,100000071,103,3,'2008-05-04 9:00','2008-05-04 10:00','A');
INSERT INTO Appointment VALUES(22228678,100000082,101,7,'2008-05-04 9:00','2008-05-04 10:00','B');
INSERT INTO Appointment VALUES(33333378,100000085,103,3,'2008-05-05 08:00','2008-05-05 09:00','A');
INSERT INTO Appointment VALUES(11115555,100000070,102,7,'2008-05-05 12:00','2008-05-05 13:00','A');
INSERT INTO Appointment VALUES(11113333,100000092,101,1,'2008-05-06 08:00','2008-05-06 09:00','A');
INSERT INTO Appointment VALUES(11110000,100000096,101,1,'2008-05-06 10:00','2008-05-06 11:00','c');
INSERT INTO Appointment VALUES(11117777,100000054,102,4,'2008-05-16 08:00','2008-05-16 09:00','c');
INSERT INTO Appointment VALUES(22225555,100000108,103,2,'2008-05-19 10:00','2008-05-19 11:00','B');
INSERT INTO Appointment VALUES(33335555,100000103,103,1,'2008-05-20 17:00','2008-05-20 18:00','c');
INSERT INTO Appointment VALUES(44445555,100000149,101,1,'2008-05-25 08:00','2008-05-25 09:00','B');
INSERT INTO Appointment VALUES(44446666,100000032,102,4,'2008-05-26 08:00','2008-05-26 09:00','B');
INSERT INTO Appointment VALUES(77775555,100000001,101,4,'2008-05-26 10:00','2008-05-25 11:00','B');
INSERT INTO Appointment VALUES(23232329,100000047,101,1,'2008-05-29 08:00','2008-05-29 09:00','B');
INSERT INTO Appointment VALUES(46228989,100000035,101,1,'2008-06-02 10:00','2008-06-02 11:00','A');
INSERT INTO Appointment VALUES(44968774,100000037,101,2,'2008-06-02 08:00','2008-06-02 09:00','B');
INSERT INTO Appointment VALUES(00598586,100000023,102,1,'2008-06-02 15:00','2008-06-02 16:00','A');
INSERT INTO Appointment VALUES(46880000,100000009,103,4,'2008-06-07 17:00','2008-06-07 18:00','B');
INSERT INTO Appointment VALUES(59258956,100000006,NULL,9,'2008-06-03 10:00','2008-06-03 11:00','C');
INSERT INTO Appointment VALUES(21205363,100000070,103,1,'2008-06-11 11:00','2008-06-11 12:00','C');
INSERT INTO Appointment VALUES(89569800,100000021,NULL,3,'2008-06-13 20:00','2008-06-13 21:00','C');
INSERT INTO Appointment VALUES(00636985,100000002,102,9,'2008-06-13 10:00','2008-06-13 11:00','A');
INSERT INTO Appointment VALUES(92202589,100000003,101,1,'2008-06-27 10:00','2008-06-27 11:00','B');
INSERT INTO Appointment VALUES(27795678,100000005,102,9,'2008-06-11 9:00','2008-06-11 10:00','A');
INSERT INTO Appointment VALUES(00044321,100000010,102,1,'2008-06-16 10:00','2008-06-16 11:00','B');
INSERT INTO Appointment VALUES(00068945,100000033,101,3,'2008-06-15 09:00','2008-06-15 10:00','A');
INSERT INTO Appointment VALUES(91165214,100000030,103,4,'2008-06-15 12:00','2008-06-15 13:00','B');
INSERT INTO Appointment VALUES(10000548,100000029,NULL,9,'2008-06-16 14:00','2008-06-16 15:00','C');
INSERT INTO Appointment VALUES(22086325,100000004,103,2,'2008-06-30 11:00','2008-06-30 12:00','C');
INSERT INTO Appointment VALUES(72900014,100000027,NULL,3,'2008-06-30 12:00','2008-06-30 13:00','C');
INSERT INTO Appointment VALUES(00569854,100000006,103,9,'2008-06-21 14:00','2008-06-21 15:00','A');
INSERT INTO Appointment VALUES(00965241,100000031,101,2,'2008-06-21 10:00','2008-06-21 11:00','B');
INSERT INTO Appointment VALUES(78683547,100000034,NULL,9,'2008-06-18 09:00','2008-06-18 10:00','A');
INSERT INTO Appointment VALUES(00569654,100000026,102,9,'2008-06-19 12:00','2008-06-19 13:00','B');
INSERT INTO Appointment VALUES(99999992,100000015,102,1,'2008-06-19 21:00','2008-06-19 22:00','C');
INSERT INTO Appointment VALUES(00001313,100000034,103,2,'2008-06-05 09:00','2008-06-05 10:00','C');
INSERT INTO Appointment VALUES(00002517,100000013,NULL,3,'2008-06-05 12:00','2008-06-05 13:00','C');
INSERT INTO Appointment VALUES(31565665,100000004,103,1,'2008-06-05 16:00','2008-06-05 17:00','A');
INSERT INTO Appointment VALUES(68262225,100000027,101,9,'2008-06-03 08:00','2008-06-03 09:00','B');
INSERT INTO Appointment VALUES(33026985,100000002,103,4,'2008-06-01 10:00','2008-06-01 11:00','A');
INSERT INTO Appointment VALUES(96622589,100000003,101,2,'2008-06-02 13:00','2008-06-02 14:00','B');
INSERT INTO Appointment VALUES(05006985,100000150,102,4,'2008-06-02 19:00','2008-06-02 20:00','A');
INSERT INTO Appointment VALUES(44002589,100000075,103,1,'2008-06-03 08:00','2008-06-03 09:00','B');
INSERT INTO Appointment VALUES(55636445,100000083,102,2,'2008-06-03 10:00','2008-06-03 11:00','A');
INSERT INTO Appointment VALUES(02002569,100000085,101,7,'2008-06-05 10:00','2008-06-05 11:00','B');
INSERT INTO Appointment VALUES(74686985,100000087,102,4,'2008-06-07 12:00','2008-06-07 13:00','A');
INSERT INTO Appointment VALUES(90502000,100000115,101,1,'2008-06-08 10:00','2008-06-08 11:00','C');
INSERT INTO Appointment VALUES(30302089,100000117,102,7,'2008-06-10 08:00','2008-06-10 09:00','C');
INSERT INTO Appointment VALUES(15111119,100000118,103,1,'2008-06-10 10:00','2008-06-10 11:00','A');
INSERT INTO Appointment VALUES(53333336,100000132,102,7,'2008-06-12 08:00','2008-06-12 09:00','C');
INSERT INTO Appointment VALUES(09502135,100000135,101,3,'2008-06-15 10:00','2008-06-15 11:00','C');
INSERT INTO Appointment VALUES(30002089,100000009,102,7,'2008-06-16 08:00','2008-06-16 09:00','C');
INSERT INTO Appointment VALUES(33333089,100000039,102,7,'2008-06-16 12:00','2008-06-16 13:00','C');
INSERT INTO Appointment VALUES(11112089,100000021,103,3,'2008-06-17 08:00','2008-06-17 09:00','A');
INSERT INTO Appointment VALUES(11228222,100000137,102,4,'2008-06-17 08:00','2008-06-17 09:00','C');
INSERT INTO Appointment VALUES(19201920,100000111,103,4,'2008-06-18 12:00','2008-06-18 13:00','C');
INSERT INTO Appointment VALUES(56562222,100000013,102,3,'2008-06-19 08:00','2008-06-19 09:00','B');
INSERT INTO Appointment VALUES(54754754,100000015,101,4,'2008-06-20 08:00','2008-06-20 09:00','C');
INSERT INTO Appointment VALUES(11233222,100000043,103,4,'2008-06-21 08:00','2008-06-21 09:00','C');
INSERT INTO Appointment VALUES(99922222,100000051,102,7,'2008-06-22 08:00','2008-06-22 09:00','A');
INSERT INTO Appointment VALUES(87898587,100000010,102,4,'2008-06-23 08:00','2008-06-23 09:00','C');
INSERT INTO Appointment VALUES(36323632,100000025,101,1,'2008-06-25 08:00','2008-06-25 09:00','C');
INSERT INTO Appointment VALUES(10121012,100000049,101,4,'2008-06-26 09:00','2008-06-26 10:00','A');
INSERT INTO Appointment VALUES(63626362,100000052,102,3,'2008-06-28 08:00','2008-06-28 09:00','C');

set dateformat ymd;
INSERT INTO Appointment VALUES(65233537,100000147,NULL,9,'2008-06-17 17:00','2008-06-17 18:00','C');
INSERT INTO Appointment VALUES(10055003,100000148,102,9,'2008-06-30 08:00','2008-06-30 09:00','A');
INSERT INTO Appointment VALUES(20089007,100000127,103,9,'2008-06-29 08:00','2008-06-29 09:00','A');
INSERT INTO Appointment VALUES(33004458,100000128,101,9,'2008-06-30 08:00','2008-06-28 09:00','C');

--PRESCRIPCIÓN

SELECT * FROM Prescribes;

DELETE From Prescribes;

SET DATEFORMAT ymd
INSERT INTO Prescribes VALUES(1,100000001,46,'2008-04-24 10:44','13216584','5');
INSERT INTO Prescribes VALUES(2,100000002,28,'2008-04-24 10:50','26548913','10');
INSERT INTO Prescribes VALUES(1,100000001,14,'2008-04-25 10:00','36549879','5');
INSERT INTO Prescribes VALUES(4,100000004,25,'2008-04-25 10:20','46846589','3');
INSERT INTO Prescribes VALUES(4,100000004,50,'2008-04-26 10:05','59871321','10');
INSERT INTO Prescribes VALUES(2,100000003,19,'2008-04-26 11:50','69879231','3');
INSERT INTO Prescribes VALUES(3,100000001,4,'2008-04-26 12:55','76983231','5');
INSERT INTO Prescribes VALUES(9,100000004,2,'2008-04-27 10:37','86213939','3');
INSERT INTO Prescribes VALUES(2,100000002,18,'2008-04-27 10:45','93216548','5');
INSERT INTO Prescribes VALUES(9,100000005,7,'2008-04-11 09:45','55216594','3');
INSERT INTO Prescribes VALUES(2,100000010,3,'2008-04-15 10:50','27548913','10');
INSERT INTO Prescribes VALUES(3,100000017,18,'2008-04-15 11:22','44549859','3');
INSERT INTO Prescribes VALUES(4,100000030,49,'2008-04-15 14:15','39006589','3');
INSERT INTO Prescribes VALUES(1,100000014,15,'2008-04-15 10:33','77991321','6');
INSERT INTO Prescribes VALUES(2,100000003,19,'2008-04-26 11:12','88889211','5');
INSERT INTO Prescribes VALUES(3,100000023,18,'2008-04-26 12:20','25253241','3');
INSERT INTO Prescribes VALUES(9,100000006,2,'2008-04-21 14:15','21213959','10');
INSERT INTO Prescribes VALUES(2,100000031,5,'2008-04-27 10:50','63526578','4');
INSERT INTO Prescribes VALUES(9,100000027,7,'2008-06-18 09:55','69549859','5');
INSERT INTO Prescribes VALUES(9,100000026,2,'2008-04-19 12:48','39006521','3');
INSERT INTO Prescribes VALUES(1,100000015,16,'2008-04-19 14:05','77285632','5');
INSERT INTO Prescribes VALUES(2,100000034,5,'2008-04-05 09:15','77779211','3');
INSERT INTO Prescribes VALUES(3,100000013,25,'2008-04-05 12:50','00003241','10');
INSERT INTO Prescribes VALUES(9,100000006,17,'2008-04-01 16:22','36363959','3');
INSERT INTO Prescribes VALUES(1,100000031,14,'2008-05-01 10:55','68569278','2');
INSERT INTO Prescribes VALUES(1,100000009,15,'2008-05-02 10:33','40446584','10');
INSERT INTO Prescribes VALUES(2,100000008,5,'2008-05-02 13:12','90968913','6');
INSERT INTO Prescribes VALUES(1,100000013,15,'2008-05-02 15:50','30556894','3');
INSERT INTO Prescribes VALUES(4,100000014,49,'2008-05-07 10:45','46009895','10');
INSERT INTO Prescribes VALUES(9,100000028,2,'2008-05-03 10:50','59002020','3');
INSERT INTO Prescribes VALUES(2,100000033,3,'2008-05-11 11:25','69006363','5');
INSERT INTO Prescribes VALUES(3,100000035,18,'2008-05-13 12:17','76900854','4');
INSERT INTO Prescribes VALUES(9,100000019,7,'2008-05-13 10:15','02526985','5');
INSERT INTO Prescribes VALUES(1,100000015,14,'2008-05-27 10:25','93662589','3');
INSERT INTO Prescribes VALUES(9,100000005,17,'2008-05-11 09:10','39145678','10');
INSERT INTO Prescribes VALUES(1,100000010,14,'2008-05-16 10:22','00344578','3'); --error (pronto)
INSERT INTO Prescribes VALUES(3,100000033,17,'2008-05-15 09:15','23568945','3');
INSERT INTO Prescribes VALUES(4,100000030,49,'2008-05-15 12:33','58965214','6');
INSERT INTO Prescribes VALUES(9,100000029,2,'2008-05-16 14:12','89632548','5');
INSERT INTO Prescribes VALUES(2,100000003,3,'2008-05-30 11:20','25986325','3');
INSERT INTO Prescribes VALUES(3,100000030,18,'2008-05-30 12:15','78952014','10');
INSERT INTO Prescribes VALUES(9,100000006,2,'2008-05-21 14:14','78569854','4');
INSERT INTO Prescribes VALUES(2,100000031,5,'2008-05-27 10:17','45789621','5');
INSERT INTO Prescribes VALUES(9,100000034,7,'2008-05-18 09:27','15459865','3');
INSERT INTO Prescribes VALUES(9,100000026,2,'2008-05-19 12:12','45789548','5');
INSERT INTO Prescribes VALUES(1,100000015,1,'2008-05-19 14:15','88888888','3');
INSERT INTO Prescribes VALUES(2,100000034,3,'2008-05-05 09:10','12121212','10');
INSERT INTO Prescribes VALUES(3,100000013,25,'2008-05-05 12:22','00005689','3');
INSERT INTO Prescribes VALUES(1,100000011,3,'2008-05-05 16:15','36589865','2');
INSERT INTO Prescribes VALUES(9,100000031,2,'2008-05-01 10:33','68269874','10');
INSERT INTO Prescribes VALUES(3,100000071,17,'2008-05-04 14:15','11118676','3'); -- error (pronto)
INSERT INTO Prescribes VALUES(7,100000082,18,'2008-05-04 09:10','22228678','10');
INSERT INTO Prescribes VALUES(3,100000085,25,'2008-05-05 12:22','33333378','3');
INSERT INTO Prescribes VALUES(7,100000070,25,'2008-05-05 16:15','11115555','2');
INSERT INTO Prescribes VALUES(1,100000092,33,'2008-05-06 10:33','11113333','10');
INSERT INTO Prescribes VALUES(1,100000096,17,'2008-05-06 06:15','11110000','3');
INSERT INTO Prescribes VALUES(4,100000054,41,'2008-05-16 09:10','11117777','10');
INSERT INTO Prescribes VALUES(2,100000108,24,'2008-05-19 12:22','22225555','3');
INSERT INTO Prescribes VALUES(1,100000103,44,'2008-05-20 16:15','33335555','2');
INSERT INTO Prescribes VALUES(1,100000149,33,'2008-05-25 10:33','44445555','10');
INSERT INTO Prescribes VALUES(4,100000032,41,'2008-05-26 12:22','44446666','3');
INSERT INTO Prescribes VALUES(4,100000001,50,'2008-05-26 16:15','77775555','2');
INSERT INTO Prescribes VALUES(1,100000047,29,'2008-05-29 10:33','23232329','10');
INSERT INTO Prescribes VALUES(1,100000035,1,'2008-06-02 10:12','46228989','6');
INSERT INTO Prescribes VALUES(2,100000037,4,'2008-06-02 08:20','44968774','3');
INSERT INTO Prescribes VALUES(1,100000023,2,'2008-06-02 15:15','00598586','10');
INSERT INTO Prescribes VALUES(4,100000009,5,'2008-06-07 17:40','46880000','3'); --error (pronto)
INSERT INTO Prescribes VALUES(9,100000006,3,'2008-06-03 10:15','59258956','5');
INSERT INTO Prescribes VALUES(1,100000070,4,'2008-06-11 11:11','21205363','4');
INSERT INTO Prescribes VALUES(3,100000021,5,'2008-06-13 20:18','89569800','5');
INSERT INTO Prescribes VALUES(9,100000002,1,'2008-06-13 10:15','00636985','3');
INSERT INTO Prescribes VALUES(1,100000003,3,'2008-06-27 10:20','92202589','10');
INSERT INTO Prescribes VALUES(9,100000005,2,'2008-06-11 09:22','27795678','3');
INSERT INTO Prescribes VALUES(1,100000010,32,'2008-06-16 10:12','00044321','6');
INSERT INTO Prescribes VALUES(3,100000033,18,'2008-06-15 09:20','00068945','3');
INSERT INTO Prescribes VALUES(4,100000030,41,'2008-06-15 12:05','91165214','10');
INSERT INTO Prescribes VALUES(9,100000029,2,'2008-06-16 14:50','10000548','3');
INSERT INTO Prescribes VALUES(2,100000004,3,'2008-06-30 11:05','22086325','5');
INSERT INTO Prescribes VALUES(3,100000027,17,'2008-06-30 12:07','72900014','4');
INSERT INTO Prescribes VALUES(9,100000006,7,'2008-06-21 14:05','00569854','5');
INSERT INTO Prescribes VALUES(2,100000031,1,'2008-06-21 10:15','00965241','3'); 
INSERT INTO Prescribes VALUES(9,100000034,7,'2008-06-18 09:15','78683547','5');
INSERT INTO Prescribes VALUES(9,100000026,7,'2008-06-19 12:15','00569654','5');
INSERT INTO Prescribes VALUES(1,100000015,44,'2008-06-19 21:17','99999992','4');
INSERT INTO Prescribes VALUES(2,100000034,18,'2008-06-05 09:25','00001313','5');
INSERT INTO Prescribes VALUES(3,100000013,17,'2008-06-05 12:40','00002517','3'); 
INSERT INTO Prescribes VALUES(1,100000004,16,'2008-06-05 16:15','31565665','5');
INSERT INTO Prescribes VALUES(9,100000027,25,'2008-06-03 08:15','68262225','5');
INSERT INTO Prescribes VALUES(4,100000002,41,'2008-06-01 12:15','33026985','5');
INSERT INTO Prescribes VALUES(2,100000003,24,'2008-06-02 21:17','96622589','4');
INSERT INTO Prescribes VALUES(4,100000150,25,'2008-06-02 09:25','05006985','5');
INSERT INTO Prescribes VALUES(1,100000075,17,'2008-06-03 12:40','44002589','3'); 
INSERT INTO Prescribes VALUES(2,100000083,19,'2008-06-03 16:15','55636445','5');
INSERT INTO Prescribes VALUES(7,100000085,7,'2008-06-05 08:15','02002569','5'); -- error (pronto)
INSERT INTO Prescribes VALUES(4,100000087,50,'2008-06-07 12:15','74686985','5');
INSERT INTO Prescribes VALUES(1,100000115,2,'2008-06-08 21:17','90502000','4');
INSERT INTO Prescribes VALUES(7,100000117,17,'2008-06-10 09:25','30302089','5');
INSERT INTO Prescribes VALUES(1,100000118,2,'2008-06-10 12:40','15111119','3'); 
INSERT INTO Prescribes VALUES(7,100000132,18,'2008-06-12 16:15','53333336','5');
INSERT INTO Prescribes VALUES(3,100000135,25,'2008-06-15 08:15','09502135','5');
INSERT INTO Prescribes VALUES(7,100000009,18,'2008-06-16 12:15','30002089','5');
INSERT INTO Prescribes VALUES(7,100000039,17,'2008-06-16 21:17','33333089','4');
INSERT INTO Prescribes VALUES(3,100000021,25,'2008-06-17 09:25','11112089','5');
INSERT INTO Prescribes VALUES(4,100000137,41,'2008-06-17 12:40','11228222','3');

--STAY

SELECT * FROM Stay;
DELETE FROM Stay;

SET DATEFORMAT ymd;

INSERT INTO Stay VALUES(3188,100000004,101,'2008-04-01','2008-04-04');
INSERT INTO Stay VALUES(3189,100000009,102,'2008-04-01','2008-04-05');
INSERT INTO Stay VALUES(3190,100000010,103,'2008-04-01','2008-04-03');
INSERT INTO Stay VALUES(3191,100000011,111,'2008-04-02','2008-04-07');
INSERT INTO Stay VALUES(3192,100000016,112,'2008-04-02','2008-04-04');
INSERT INTO Stay VALUES(3193,100000017,113,'2008-04-02','2008-04-08');
INSERT INTO Stay VALUES(3194,100000020,121,'2008-04-03','2008-04-07');
INSERT INTO Stay VALUES(3195,100000023,122,'2008-04-03','2008-04-04');
INSERT INTO Stay VALUES(3196,100000024,123,'2008-04-03','2008-04-17');
INSERT INTO Stay VALUES(3197,100000025,103,'2008-04-04','2008-04-09');
INSERT INTO Stay VALUES(3198,100000032,202,'2008-04-04','2008-04-05');
INSERT INTO Stay VALUES(3199,100000033,203,'2008-04-04','2008-04-18');
INSERT INTO Stay VALUES(3200,100000034,101,'2008-04-05','2008-04-08');
INSERT INTO Stay VALUES(3201,100000036,112,'2008-04-05','2008-04-10');
INSERT INTO Stay VALUES(3202,100000038,122,'2008-04-05','2008-04-16');
INSERT INTO Stay VALUES(3203,100000039,102,'2008-04-06','2008-04-17');
INSERT INTO Stay VALUES(3204,100000040,222,'2008-04-06','2008-04-21');
INSERT INTO Stay VALUES(3205,100000041,223,'2008-04-06','2008-04-20');
INSERT INTO Stay VALUES(3206,100000042,301,'2008-04-07','2008-04-11');
INSERT INTO Stay VALUES(3207,100000047,302,'2008-04-07','2008-04-14');
INSERT INTO Stay VALUES(3208,100000048,121,'2008-04-08','2008-04-10');
INSERT INTO Stay VALUES(3209,100000049,311,'2008-04-08','2008-04-09');
INSERT INTO Stay VALUES(3210,100000052,312,'2008-04-09','2008-04-26');
INSERT INTO Stay VALUES(3211,100000053,313,'2008-04-09','2008-04-10');
INSERT INTO Stay VALUES(3212,100000054,321,'2008-04-10','2008-04-12');
INSERT INTO Stay VALUES(3213,100000055,322,'2008-04-10','2008-04-17');
INSERT INTO Stay VALUES(3214,100000056,323,'2008-04-11','2008-04-21');
INSERT INTO Stay VALUES(3215,100000063,401,'2008-04-11','2008-04-13');
INSERT INTO Stay VALUES(3216,100000064,402,'2008-04-12','2008-04-18');
INSERT INTO Stay VALUES(3217,100000065,403,'2008-04-12','2008-04-17');
INSERT INTO Stay VALUES(3218,100000009,423,'2008-05-01','2008-05-05');
INSERT INTO Stay VALUES(3219,100000013,413,'2008-05-01','2008-05-03');
INSERT INTO Stay VALUES(3220,100000010,311,'2008-05-01','2008-06-10');
INSERT INTO Stay VALUES(3221,100000016,221,'2008-05-03','2008-05-20');
INSERT INTO Stay VALUES(3222,100000005,222,'2008-05-03','2008-05-06');
INSERT INTO Stay VALUES(3223,100000071,223,'2008-05-04','2008-05-06');
INSERT INTO Stay VALUES(3224,100000082,301,'2008-05-04','2008-05-10');
INSERT INTO Stay VALUES(3225,100000085,312,'2008-05-05','2008-05-12');
INSERT INTO Stay VALUES(3226,100000070,101,'2008-05-05','2008-05-18');
INSERT INTO Stay VALUES(3227,100000092,102,'2008-05-06','2008-05-08');
INSERT INTO Stay VALUES(3228,100000096,103,'2008-05-06','2008-05-09');
INSERT INTO Stay VALUES(3229,100000054,211,'2008-05-16','2008-05-22');
INSERT INTO Stay VALUES(3230,100000108,212,'2008-05-19','2008-05-21');
INSERT INTO Stay VALUES(3231,100000103,213,'2008-05-20','2008-05-24');
INSERT INTO Stay VALUES(3232,100000149,411,'2008-05-25','2008-05-26');
INSERT INTO Stay VALUES(3233,100000032,412,'2008-05-26','2008-05-28');
INSERT INTO Stay VALUES(3234,100000001,423,'2008-05-26','2008-05-27');
INSERT INTO Stay VALUES(3235,100000047,311,'2008-05-29','2008-05-30');
INSERT INTO Stay VALUES(3236,100000002,101,'2008-06-01','2008-06-04');
INSERT INTO Stay VALUES(3237,100000003,102,'2008-06-02','2008-06-05');
INSERT INTO Stay VALUES(3238,100000150,103,'2008-06-02','2008-06-04');
INSERT INTO Stay VALUES(3239,100000075,111,'2008-06-03','2008-06-09');
INSERT INTO Stay VALUES(3240,100000083,112,'2008-06-03','2008-06-07');
INSERT INTO Stay VALUES(3241,100000085,113,'2008-06-05','2008-06-08');
INSERT INTO Stay VALUES(3242,100000087,121,'2008-06-07','2008-06-12');
INSERT INTO Stay VALUES(3243,100000115,122,'2008-06-08','2008-06-14');
INSERT INTO Stay VALUES(3244,100000117,123,'2008-06-10','2008-06-20');
INSERT INTO Stay VALUES(3245,100000118,201,'2008-06-10','2008-06-12');
INSERT INTO Stay VALUES(3246,100000132,202,'2008-06-12','2008-06-14');
INSERT INTO Stay VALUES(3247,100000135,203,'2008-06-15','2008-06-17');
INSERT INTO Stay VALUES(3248,100000009,211,'2008-06-16','2008-06-22');
INSERT INTO Stay VALUES(3249,100000039,212,'2008-06-16','2008-06-18');
INSERT INTO Stay VALUES(3250,100000021,213,'2008-06-17','2008-06-21');
INSERT INTO Stay VALUES(3251,100000137,221,'2008-06-17','2008-06-22');
INSERT INTO Stay VALUES(3252,100000111,222,'2008-06-18','2008-06-19');
INSERT INTO Stay VALUES(3253,100000013,223,'2008-06-19','2008-06-20');
INSERT INTO Stay VALUES(3254,100000015,301,'2008-06-20','2008-06-28');
INSERT INTO Stay VALUES(3255,100000043,302,'2008-06-21','2008-06-26');
INSERT INTO Stay VALUES(3256,100000051,303,'2008-06-22','2008-06-24');
INSERT INTO Stay VALUES(3257,100000010,311,'2008-06-23','2008-06-24');
INSERT INTO Stay VALUES(3258,100000025,312,'2008-06-25','2008-06-30');
INSERT INTO Stay VALUES(3259,100000049,313,'2008-06-26','2008-06-28');
INSERT INTO Stay VALUES(3260,100000052,321,'2008-06-28','2008-06-30');


--UNDERGOES (INTERVENCIÓN)
 
 SELECT * FROM Undergoes;

 DELETE FROM Undergoes;

SET DATEFORMAT dmy;

INSERT INTO Undergoes VALUES(100000004,2,3188,'01/04/2008',3,101);
INSERT INTO Undergoes VALUES(100000009,3,3189,'01/04/2008',7,102);
INSERT INTO Undergoes VALUES(100000010,4,3190,'01/04/2008',7,103);
INSERT INTO Undergoes VALUES(100000011,5,3191,'02/04/2008',3,104);
INSERT INTO Undergoes VALUES(100000016,1,3192,'02/04/2008',6,101);
INSERT INTO Undergoes VALUES(100000017,3,3193,'02/04/2008',6,105);
INSERT INTO Undergoes VALUES(100000020,3,3194,'03/04/2008',7,106);
INSERT INTO Undergoes VALUES(100000023,7,3195,'03/04/2008',6,102);
INSERT INTO Undergoes VALUES(100000024,1,3196,'03/04/2008',6,107);
INSERT INTO Undergoes VALUES(100000025,6,3197,'04/04/2008',6,104);
INSERT INTO Undergoes VALUES(100000032,7,3198,'04/04/2008',3,105);
INSERT INTO Undergoes VALUES(100000033,1,3199,'04/04/2008',3,106);
INSERT INTO Undergoes VALUES(100000034,2,3200,'05/04/2008',7,104);
INSERT INTO Undergoes VALUES(100000036,3,3201,'05/04/2008',6,107);
INSERT INTO Undergoes VALUES(100000038,4,3202,'05/04/2008',3,101);
INSERT INTO Undergoes VALUES(100000039,5,3203,'06/04/2008',7,103);
INSERT INTO Undergoes VALUES(100000040,6,3204,'06/04/2008',3,105);
INSERT INTO Undergoes VALUES(100000041,7,3205,'06/04/2008',7,101);
INSERT INTO Undergoes VALUES(100000042,1,3206,'07/04/2008',7,102);
INSERT INTO Undergoes VALUES(100000047,2,3207,'07/04/2008',3,103);
INSERT INTO Undergoes VALUES(100000048,2,3208,'08/04/2008',7,104);
INSERT INTO Undergoes VALUES(100000049,1,3209,'08/04/2008',6,101);
INSERT INTO Undergoes VALUES(100000052,5,3210,'09/04/2008',3,105);
INSERT INTO Undergoes VALUES(100000053,4,3211,'09/04/2008',7,106);
INSERT INTO Undergoes VALUES(100000054,4,3212,'10/04/2008',7,102);
INSERT INTO Undergoes VALUES(100000055,5,3213,'10/04/2008',3,107);
INSERT INTO Undergoes VALUES(100000056,1,3214,'11/04/2008',6,104);
INSERT INTO Undergoes VALUES(100000063,3,3215,'11/04/2008',6,105);
INSERT INTO Undergoes VALUES(100000064,4,3216,'12/04/2008',7,106);
INSERT INTO Undergoes VALUES(100000065,3,3217,'12/04/2008',6,101);
INSERT INTO Undergoes VALUES(100000009,4,3218,'01/05/2008',6,107);
INSERT INTO Undergoes VALUES(100000013,5,3219,'01/05/2008',6,101);
INSERT INTO Undergoes VALUES(100000010,1,3220,'01/05/2008',3,103);
INSERT INTO Undergoes VALUES(100000016,4,3221,'03/05/2008',3,105);
INSERT INTO Undergoes VALUES(100000005,4,3222,'03/05/2008',7,101);
INSERT INTO Undergoes VALUES(100000071,3,3223,'04/05/2008',6,102);
INSERT INTO Undergoes VALUES(100000082,4,3224,'04/05/2008',3,103);
INSERT INTO Undergoes VALUES(100000085,5,3225,'05/05/2008',7,104);
INSERT INTO Undergoes VALUES(100000070,2,3226,'05/05/2008',3,101);
INSERT INTO Undergoes VALUES(100000092,2,3227,'06/05/2008',7,105);
INSERT INTO Undergoes VALUES(100000096,6,3228,'06/05/2008',7,106);
INSERT INTO Undergoes VALUES(100000054,5,3229,'16/05/2008',3,102);
INSERT INTO Undergoes VALUES(100000108,6,3230,'19/05/2008',7,107);
INSERT INTO Undergoes VALUES(100000103,5,3231,'20/05/2008',6,104);
INSERT INTO Undergoes VALUES(100000149,5,3232,'25/05/2008',3,105);
INSERT INTO Undergoes VALUES(100000032,6,3233,'26/05/2008',7,106);
INSERT INTO Undergoes VALUES(100000001,4,3234,'26/05/2008',7,106);
INSERT INTO Undergoes VALUES(100000047,7,3235,'29/05/2008',3,107);
INSERT INTO Undergoes VALUES(100000002,1,3236,'01/06/2008',6,101);
INSERT INTO Undergoes VALUES(100000003,7,3237,'02/06/2008',6,103);
INSERT INTO Undergoes VALUES(100000150,1,3238,'02/06/2008',7,105);
INSERT INTO Undergoes VALUES(100000075,2,3239,'03/06/2008',6,101);
INSERT INTO Undergoes VALUES(100000083,3,3240,'03/06/2008',6,102);
INSERT INTO Undergoes VALUES(100000085,5,3241,'05/06/2008',6,103);
INSERT INTO Undergoes VALUES(100000087,1,3242,'07/06/2008',3,104);
INSERT INTO Undergoes VALUES(100000115,5,3243,'08/06/2008',3,101);
INSERT INTO Undergoes VALUES(100000117,6,3244,'10/06/2008',7,105);
INSERT INTO Undergoes VALUES(100000118,6,3245,'10/06/2008',6,106);
INSERT INTO Undergoes VALUES(100000132,5,3246,'12/06/2008',3,102);
INSERT INTO Undergoes VALUES(100000135,5,3247,'15/06/2008',7,107);
INSERT INTO Undergoes VALUES(100000009,3,3248,'16/06/2008',3,104);
INSERT INTO Undergoes VALUES(100000039,5,3249,'16/06/2008',7,105);
INSERT INTO Undergoes VALUES(100000021,6,3250,'17/06/2008',7,106);
INSERT INTO Undergoes VALUES(100000137,4,3251,'17/06/2008',3,106);
INSERT INTO Undergoes VALUES(100000111,6,3252,'18/06/2008',7,107);
INSERT INTO Undergoes VALUES(100000013,4,3253,'19/06/2008',6,101);
INSERT INTO Undergoes VALUES(100000015,2,3254,'20/06/2008',3,103);
INSERT INTO Undergoes VALUES(100000043,4,3255,'21/06/2008',3,105);
INSERT INTO Undergoes VALUES(100000051,4,3256,'22/06/2008',7,106);
INSERT INTO Undergoes VALUES(100000010,5,3257,'23/06/2008',6,105);
INSERT INTO Undergoes VALUES(100000025,7,3258,'25/06/2008',3,103);
INSERT INTO Undergoes VALUES(100000049,7,3259,'26/06/2008',7,102);
INSERT INTO Undergoes VALUES(100000052,2,3260,'28/06/2008',3,104);


-- TRAINED_IN

SELECT * FROM Trained_In;

SET dateformat ymd;
INSERT INTO Trained_In VALUES(3,1,'2008-01-01','2008-12-31');
INSERT INTO Trained_In VALUES(3,2,'2008-01-01','2008-12-31');
INSERT INTO Trained_In VALUES(3,5,'2008-01-01','2008-12-31');
INSERT INTO Trained_In VALUES(3,6,'2008-01-01','2008-12-31');
INSERT INTO Trained_In VALUES(3,7,'2008-01-01','2008-12-31');
INSERT INTO Trained_In VALUES(6,2,'2008-01-01','2008-12-31');
INSERT INTO Trained_In VALUES(6,5,'2007-01-01','2007-12-31');
INSERT INTO Trained_In VALUES(6,6,'2008-01-01','2008-12-31');
INSERT INTO Trained_In VALUES(7,1,'2008-01-01','2008-12-31');
INSERT INTO Trained_In VALUES(7,2,'2008-01-01','2008-12-31');
INSERT INTO Trained_In VALUES(7,3,'2008-01-01','2008-12-31');
INSERT INTO Trained_In VALUES(7,4,'2008-01-01','2008-12-31');
INSERT INTO Trained_In VALUES(7,5,'2008-01-01','2008-12-31');
INSERT INTO Trained_In VALUES(7,6,'2008-01-01','2008-12-31');
INSERT INTO Trained_In VALUES(7,7,'2008-01-01','2008-12-31');


UPDATE Stay 
SET Room = 211
WHERE StayID= 3192

UPDATE Stay 
SET Room = 122
WHERE StayID= 3201

UPDATE Stay 
SET Room = 303
WHERE StayID= 3207

UPDATE Stay 
SET Room = 411
WHERE StayID= 3212

UPDATE Stay 
SET Room = 412
WHERE StayID= 3216

UPDATE Stay 
SET Room = 413
WHERE StayID= 3231

UPDATE Stay 
SET Room = 401
WHERE StayID= 3240

UPDATE Stay 
SET Room = 113
WHERE StayID= 3245

UPDATE Stay 
SET Room = 401
WHERE StayID= 3250

UPDATE Stay 
SET Room = 403
WHERE StayID= 3255

UPDATE Stay 
SET Room = 422
WHERE StayID= 3260
------------------------------------------------------------------------------------------
SELECT table_catalog As 'Banco de dados', table_name as 'Nome'
FROM information_schema.tables  

SELECT 
Ap.Patient as paciente, 
Ap.AppointmentID,
Ap.Physician,
CONVERT(nvarchar, Ap.Starto, 23) as 'Data'
from Appointment as Ap
Where CONVERT(nvarchar, Ap.Starto, 23) BETWEEN '2008-06-01' AND '2008-06-31'
ORDER BY 'Data';


----------------------------------

SELECT 
u.Patient as paciente, 
u.Stay,
u.Procedures,
CONVERT(nvarchar, u.DateUndergoes, 23) as 'Data'
from Undergoes as u
Where CONVERT(nvarchar, u.DateUndergoes, 23) BETWEEN '2008-04-01' AND '2008-04-30'
ORDER BY 'Data';

SELECT s.Patient, s.StayID
FROM Stay as s
order by s.StayID;

SELECT *
FROM Prescribes as p





